Распределение,n,Квантиль,Истинное значение,Среднее ECDF,Дисперсия ECDF,Смещение ECDF,Среднее гистограмма,Дисперсия гистограмма,Смещение гистограмма,Среднее KDE,Дисперсия KDE,Смещение KDE
нормальное,10,0.01,-2.3263478740408408,-1.50491609654797,0.3103551448805594,0.8214317774928708,-1.5159290545277897,0.32228619529879604,0.8104188195130511,-2.4531701488117044,0.4883113467489878,-0.1268222747708636
нормальное,10,0.05,-1.6448536269514729,-1.3076225929815055,0.22905849586637378,0.33723103396996734,-1.3626873828806034,0.26537329044226504,0.28216624407086943,-1.8472383078578245,0.31564939966526323,-0.20238468090635164
нормальное,10,0.5,0.0,-0.009813350965199264,0.1338684987548527,-0.009813350965199264,-0.012851683861501232,0.13816184561792025,-0.012851683861501232,-0.0035185371349858523,0.10702758050985617,-0.0035185371349858523
нормальное,100,0.01,-2.3263478740408408,-2.154099116814565,0.0966522431446679,0.17224875722627564,-2.241031197912078,0.09828484330127175,0.08531667612876292,-2.481291049018113,0.0834885419332393,-0.15494317497727206
нормальное,100,0.05,-1.6448536269514729,-1.5932268528478692,0.04113908350943212,0.05162677410360361,-1.682462408876242,0.03958536798558648,-0.03760878192476924,-1.7601719409082779,0.033134361569322646,-0.11531831395680503
нормальное,100,0.5,0.0,0.0036235174097780432,0.015382971230076689,0.0036235174097780432,0.0026072476555952565,0.014083122049749108,0.0026072476555952565,0.0022622725985751374,0.012130267234987094,0.0022622725985751374
нормальное,1000,0.01,-2.3263478740408408,-2.3145900589453365,0.014129922534417331,0.01175781509550422,-2.3900079477219585,0.01260607808675518,-0.0636600736811177,-2.403562806027098,0.009839452459274116,-0.07721493198625717
нормальное,1000,0.05,-1.6448536269514729,-1.6424863857903118,0.004331483254390878,0.002367241161161049,-1.6881300585335413,0.0040380657901187365,-0.0432764315820684,-1.6983564839519387,0.003391236072128193,-0.053502857000465864
нормальное,1000,0.5,0.0,-0.0008852422090651899,0.0015703067078349268,-0.0008852422090651899,-0.0012054053405552885,0.0014325121093273561,-0.0012054053405552885,-0.001174505118589864,0.0012996220092559754,-0.001174505118589864
нормальное,10000,0.01,-2.3263478740408408,-2.323665142169244,0.0014114235891114477,0.002682731871596733,-2.3691985720325546,0.001630311297791073,-0.042850697991713815,-2.3549824964549178,0.0011191491368003114,-0.028634622414076993
нормальное,10000,0.05,-1.6448536269514729,-1.6441439762260721,0.00046192312045382605,0.0007096507254007456,-1.6771851662003532,0.0006135890169896886,-0.032331539248880325,-1.6652642443602759,0.00039586575300986526,-0.02041061740880301
нормальное,10000,0.5,0.0,-1.4109689026717428e-05,0.00015813437209940198,-1.4109689026717428e-05,-1.4463093379805545e-05,0.00014706004590045983,-1.4463093379805545e-05,6.887975726525994e-05,0.0001391319538374323,6.887975726525994e-05
равномерное,10,0.01,0.01,0.09851799493021622,0.0067319209183030315,0.08851799493021623,0.09831831373098597,0.006713182824220853,0.08831831373098598,-0.19244350603742674,0.014743139182121459,-0.20244350603742675
равномерное,10,0.05,0.05,0.13042563185565142,0.007540932003549669,0.08042563185565142,0.1294272258595002,0.0066914662381877205,0.0794272258595002,-0.028801550092177094,0.011536494302600514,-0.0788015500921771
равномерное,10,0.5,0.5,0.4982601367742966,0.01893737724014724,-0.0017398632257034086,0.493133274448932,0.019066560129274875,-0.006866725551067987,0.4976037506695597,0.012832210558307832,-0.002396249330440303
равномерное,100,0.01,0.01,0.019011073354241376,0.00017711536744045744,0.009011073354241375,0.019495908417934048,0.00010123635850083898,0.009495908417934048,-0.11064372097014438,0.0005435049954709063,-0.12064372097014438
равномерное,100,0.05,0.05,0.05851541595134975,0.0005563831202047634,0.008515415951349747,0.058782773782916575,0.00027930383997309765,0.008782773782916573,0.009582901188970004,0.0006171910568372676,-0.04041709881103
равномерное,100,0.5,0.5,0.49782071328339533,0.002507652294969743,-0.002179286716604667,0.49850104370001763,0.0022562844270708734,-0.001498956299982368,0.4979927522987069,0.0018722413154444494,-0.0020072477012931245
равномерное,1000,0.01,0.01,0.01094934714089963,1.1297556608204874e-05,0.0009493471408996302,0.011026339752573026,2.2044362108400677e-06,0.0010263397525730258,-0.051898647457496914,3.0209757307126763e-05,-0.061898647457496916
равномерное,1000,0.05,0.05,0.051136631744685856,4.767061123630178e-05,0.0011366317446858537,0.05105444101275474,2.9241295837527903e-05,0.001054441012754738,0.03578302727840452,4.402730684289056e-05,-0.014216972721595486
равномерное,1000,0.5,0.5,0.500722353409207,0.0002320375442493351,0.0007223534092070105,0.500649958842001,0.00021461956676805416,0.0006499588420010305,0.5004889420163097,0.00018977758891638392,0.000488942016309668
равномерное,10000,0.01,0.01,0.010127424176467822,1.039576179466342e-06,0.00012742417646782224,0.010102817037799963,1.659778468188858e-07,0.00010281703779996265,-0.019834490440701673,2.0421515514389374e-06,-0.029834490440701675
равномерное,10000,0.05,0.05,0.05017038157464746,5.133418800270069e-06,0.0001703815746474588,0.050120304169433624,3.981687174520862e-06,0.00012030416943362154,0.046365944783910595,3.919204925584888e-06,-0.0036340552160894074
равномерное,10000,0.5,0.5,0.5003066420569002,2.487263492877341e-05,0.0003066420569002304,0.5002915783776763,2.439069590694811e-05,0.0002915783776763492,0.5003016633505619,2.2511362186905425e-05,0.0003016633505619204
