Распределение,n,Квантиль,Дисперсия ECDF,Дисперсия гистограмма,Дисперсия KDE
нормальное,10,0.01,0.3103551448805594,0.32228619529879604,0.4883113467489878
нормальное,10,0.05,0.22905849586637378,0.26537329044226504,0.31564939966526323
нормальное,10,0.5,0.1338684987548527,0.13816184561792025,0.10702758050985617
нормальное,100,0.01,0.0966522431446679,0.09828484330127175,0.0834885419332393
нормальное,100,0.05,0.04113908350943212,0.03958536798558648,0.033134361569322646
нормальное,100,0.5,0.015382971230076689,0.014083122049749108,0.012130267234987094
нормальное,1000,0.01,0.014129922534417331,0.01260607808675518,0.009839452459274116
нормальное,1000,0.05,0.004331483254390878,0.0040380657901187365,0.003391236072128193
нормальное,1000,0.5,0.0015703067078349268,0.0014325121093273561,0.0012996220092559754
нормальное,10000,0.01,0.0014114235891114477,0.001630311297791073,0.0011191491368003114
нормальное,10000,0.05,0.00046192312045382605,0.0006135890169896886,0.00039586575300986526
нормальное,10000,0.5,0.00015813437209940198,0.00014706004590045983,0.0001391319538374323
равномерное,10,0.01,0.0067319209183030315,0.006713182824220853,0.014743139182121459
равномерное,10,0.05,0.007540932003549669,0.0066914662381877205,0.011536494302600514
равномерное,10,0.5,0.01893737724014724,0.019066560129274875,0.012832210558307832
равномерное,100,0.01,0.00017711536744045744,0.00010123635850083898,0.0005435049954709063
равномерное,100,0.05,0.0005563831202047634,0.00027930383997309765,0.0006171910568372676
равномерное,100,0.5,0.002507652294969743,0.0022562844270708734,0.0018722413154444494
равномерное,1000,0.01,1.1297556608204874e-05,2.2044362108400677e-06,3.0209757307126763e-05
равномерное,1000,0.05,4.767061123630178e-05,2.9241295837527903e-05,4.402730684289056e-05
равномерное,1000,0.5,0.0002320375442493351,0.00021461956676805416,0.00018977758891638392
равномерное,10000,0.01,1.039576179466342e-06,1.659778468188858e-07,2.0421515514389374e-06
равномерное,10000,0.05,5.133418800270069e-06,3.981687174520862e-06,3.919204925584888e-06
равномерное,10000,0.5,2.487263492877341e-05,2.439069590694811e-05,2.2511362186905425e-05
